IDOMMstation;Date;Pressionauniveaumer;Variation de pression en 3 heures;Type de tendance barométrique;Directionduventmoyen10mn;Vitesseduventmoyen10mn;Température;Point de rosée;Humidité;Visibilité horizontale;Temps présent;Temps passé 1;Temps passé 2;Nebulosité totale;Nébulosité  des nuages de l' étage inférieur;Hauteur de la base des nuages de l'étage inférieur;Type des nuages de l'étage inférieur;Type des nuages de l'étage moyen;Type des nuages de l'étage supérieur;Pression station;Niveau barométrique;Géopotentiel;Variation de pression en 24 heures;Température minimale sur 12 heures;Température minimale sur 24 heures;Température maximale sur 12 heures;Température maximale sur 24 heures;Température minimale du sol sur 12 heures;Méthode de mesure Température du thermomètre mouillé;Température du thermomètre mouillé;Rafale sur les 10 dernières minutes;Rafales sur une période;Periode de mesure de la rafale;Etat du sol;Hauteur totale de la couche de neige, glace, autre au sol;Hauteur de la neige fraîche;Periode de mesure de la neige fraiche;Précipitations dans la dernière heure;Précipitationsdansles3dernièresheures;Précipitations dans les 6 dernières heures;Précipitations dans les 12 dernières heures;Précipitations dans les 24 dernières heures;Phénomène spécial 1;Phénomène spécial 2;Phénomène spécial 3;Phénomène spécial 4;Nébulosité couche nuageuse 1;Type nuage 1;Hauteur de base 1;Nébulosité couche nuageuse 2;Type nuage 2;Hauteur de base 2;Nébulosité couche nuageuse 3;Type nuage 3;Hauteur de base 3;Nébulosité couche nuageuse 4;Type nuage 4;Hauteurdebase4;Coordonnees;Nom;Typedetendance barometrique;Tempspassé1;Tempspresent
07335;2011-01-15T01:00:00+01:00;102600;120;1;200;4.6;282.15;281.65;97;17000;0;;;90;;250;;;;101130;;;;;;;;;;;;6.200000;-10;;;;;0.0;0.0;0.200000;;;710.000000;1106.000000;;;;;;;;;;;;;;;46.593833, 0.314333;POITIERS-BIARD;1;;0
07181;2011-01-15T04:00:00+01:00;102450;230;3;260;4.1;280.85;279.65;92;55000;0;;;100;;450;;;;98300;;;;;;;;;;;;9.800000;-10;;;;;0.0;0.0;;;;710.000000;1110.000000;;;;;;;;;;;;;;;48.581, 5.959833;NANCY-OCHEY;3;;0
07190;2011-01-15T04:00:00+01:00;102420;380;1;250;3.6;282.55;279.65;82;8000;63;;;100;;800;;;;100580;;;;;;;;;;;;7.700000;-10;;;;;0.2;0.6;;;;710.000000;1108.000000;;;;;;;;;;;;;;;48.5495, 7.640333;STRASBOURG-ENTZHEIM;1;;63
07535;2011-01-15T04:00:00+01:00;102850;50;3;170;1.5;281.75;281.35;97;;;;;;;;;;;99670;;;;;;;;;;;;4.100000;-10;;;;;0.0;0.0;;;;710.000000;1104.000000;;;;;;;;;;;;;;;44.745, 1.396667;GOURDON;3;;
07747;2011-01-15T04:00:00+01:00;102770;180;1;320;2.6;284.95;278.75;66;55000;0;;;;;;;;;102230;;;;;;;;;;;;8.200000;-10;;;;;0.0;0.0;;;;710.000000;1108.000000;;;;;;;;;;;;;;;42.737167, 2.872833;PERPIGNAN;1;;0
61996;2011-01-15T04:00:00+01:00;101690;;;290;8.2;291.05;289.95;93;;;;;;;;;;;;;;;;;;;;;;;10.800000;-10;;;;;3.0;4.0;;;;710.000000;1111.000000;;;;;;;;;;;;;;;-37.795167, 77.569167;NOUVELLE AMSTERDAM;;;
61968;2011-01-15T07:00:00+01:00;101180;;;230;1.0;303.35;296.05;65;;;;;;;;;;;;;;;296.550000;;;;;;;;;;;;;;;;;;;;;;;;;;;;;;;;;;;-11.582667, 47.289667;GLORIEUSES;;;
61976;2011-01-15T07:00:00+01:00;100980;;;340;4.1;303.35;297.45;71;20000;15;Nuages couvrant plus de la moitié du ciel pendant une partie de la période considérée et couvrant la moitié du ciel, ou moins, pendant l’autre partie;1;50;3;450;38;20;11;;;;;298.950000;;;;298.150000;;;;7.200000;-10;;;;;0.0;;;;3.0;710.000000;1107.000000;2438.000000;;1;8;480;3;0;9000;;;;;;;-15.887667, 54.520667;TROMELIN;;Nuages couvrant plus de la moitié du ciel pendant une partie de la période considérée et couvrant la moitié du ciel, ou moins, pendant l’autre partie;15
07020;2011-01-15T10:00:00+01:00;101930;110;2;;;282.45;280.75;89;10000;2;Nuages couvrant plus de la moitié du ciel pendant une partie de la période considérée et couvrant la moitié du ciel, ou moins, pendant l’autre partie;1;90;5;800;33;23;11;101860;;;;;;;;;;;;;;;;;;0.0;0.0;;;;;;;;5;8;780;;;;;;;;;;49.725167, -1.939833;PTE DE LA HAGUE;2;Nuages couvrant plus de la moitié du ciel pendant une partie de la période considérée et couvrant la moitié du ciel, ou moins, pendant l’autre partie;2
07149;2011-01-15T10:00:00+01:00;102560;100;1;200;4.1;281.55;280.15;91;20000;2;Nuages couvrant plus de la moitié du ciel pendant une partie de la période considérée et couvrant la moitié du ciel, ou moins, pendant l’autre partie;1;90;7;250;35;61;60;101450;;;;;;;;;;;;7.200000;-10;;;0.000000;-30;0.0;0.0;;;;710.000000;1107.000000;3100.000000;;4;7;240;7;6;300;;;;;;;48.716833, 2.384333;ORLY;1;Nuages couvrant plus de la moitié du ciel pendant une partie de la période considérée et couvrant la moitié du ciel, ou moins, pendant l’autre partie;2
07558;2011-01-15T10:00:00+01:00;102930;120;3;340;4.1;280.05;277.75;85;20000;2;Nuages couvrant plus de la moitié du ciel pendant une partie de la période considérée et couvrant la moitié du ciel, ou moins, pendant l’autre partie;1;75;6;800;35;20;10;94420;;;;;;;;;;;;8.200000;-10;;;0.000000;-30;0.0;0.0;;;;710.000000;1108.000000;3100.000000;;6;6;600;;;;;;;;;;44.1185, 3.0195;MILLAU;3;Nuages couvrant plus de la moitié du ciel pendant une partie de la période considérée et couvrant la moitié du ciel, ou moins, pendant l’autre partie;2
07630;2011-01-15T10:00:00+01:00;102970;20;3;190;1.0;276.95;276.65;98;200;44;Brouillard ou brouillard glacé ou brume sèche épaisse;1;75;6;30;36;20;10;101090;;;;;;;;;;;;3.100000;-10;;;0.000000;-30;0.0;0.0;;;;710.000000;1103.000000;3100.000000;;6;7;30;;;;;;;;;;43.621, 1.378833;TOULOUSE-BLAGNAC;3;Brouillard ou brouillard glacé ou brume sèche épaisse;44
07761;2011-01-15T10:00:00+01:00;102540;90;1;50;3.1;283.05;280.15;82;25000;2;Nuages couvrant plus de la moitié du ciel pendant une partie de la période considérée et couvrant la moitié du ciel, ou moins, pendant l’autre partie;1;10;1;800;35;20;10;102430;;;;;;;;;;;;4.100000;-10;;;0.000000;-30;0.0;0.0;;;;710.000000;1104.000000;3100.000000;;1;6;600;;;;;;;;;;41.918, 8.792667;AJACCIO;1;Nuages couvrant plus de la moitié du ciel pendant une partie de la période considérée et couvrant la moitié du ciel, ou moins, pendant l’autre partie;2
61996;2011-01-15T10:00:00+01:00;101780;;;160;8.2;294.95;285.25;54;;;;;;;;;;;;;;20;;;;;;;;;12.900000;-10;;;;;0.0;0.0;;;;710.000000;1113.000000;;;;;;;;;;;;;;;-37.795167, 77.569167;NOUVELLE AMSTERDAM;;;
07790;2011-01-15T13:00:00+01:00;102390;-50;8;140;2.6;288.85;282.25;65;30000;2;Nuages couvrant plus de la moitié du ciel pendant une partie de la période considérée et couvrant la moitié du ciel, ou moins, pendant l’autre partie;1;10;1;800;32;20;10;102250;;;;;;;;;;;;7.200000;-10;;;0.000000;-60;0.0;0.0;0.000000;;;710.000000;1107.000000;3100.000000;;1;8;900;;;;;;;;;;42.540667, 9.485167;BASTIA;8;Nuages couvrant plus de la moitié du ciel pendant une partie de la période considérée et couvrant la moitié du ciel, ou moins, pendant l’autre partie;2
61996;2011-01-15T13:00:00+01:00;101800;;;350;2.1;293.05;285.35;61;;;;;;;;;;;;;;110;;;;;;;;;8.200000;-10;;;;;0.0;;0.000000;;;710.000000;1108.000000;;;;;;;;;;;;;;;-37.795167, 77.569167;NOUVELLE AMSTERDAM;;;
81408;2011-01-15T13:00:00+01:00;101100;;;10;3.1;299.75;297.25;86;;;;;;;;;;;101020;;;;295.550000;;;;;;;;;;;;;;;0.0;;;45.0;;;;;;;;;;;;;;;;;3.890667, -51.804667;SAINT GEORGES;;;
07168;2011-01-15T16:00:00+01:00;102560;-30;7;210;6.2;284.85;278.95;67;;;;;;;;;;;101200;;;;;;;;;;;;7.700000;-10;;;;;0.0;0.0;;;;710.000000;1108.000000;;;;;;;;;;;;;;;48.324667, 4.02;TROYES-BARBEREY;7;;
78922;2011-01-15T16:00:00+01:00;101490;30;0;90;8.7;300.75;294.35;68;;;;;;;;;;;101050;;;;;;;;;;;;;;;;;;;;;;;;;;;;;;;;;;;;;;;14.7745, -60.875333;TRINITE-CARAVEL;0;;
07015;2011-01-15T22:00:00+01:00;102210;20;1;210;7.7;281.95;279.35;84;50000;2;Nuages couvrant plus de la moitié du ciel pendant une partie de la période considérée et couvrant la moitié du ciel, ou moins, pendant l’autre partie;1;75;2;1250;35;20;12;101630;;;;;;;;;;;;12.300000;-10;;;0.000000;-30;0.0;0.0;;;;710.000000;1112.000000;3100.000000;;3;6;990;5;0;6300;;;;;;;50.57, 3.0975;LILLE-LESQUIN;1;Nuages couvrant plus de la moitié du ciel pendant une partie de la période considérée et couvrant la moitié du ciel, ou moins, pendant l’autre partie;2
81401;2011-01-15T22:00:00+01:00;100870;;;30;2.1;298.95;296.45;86;;;;;;;;;;;100810;;;;;;;;;;;;;;;;;;;0.0;;;;;;;;;;;;;;;;;;;;5.4855, -54.031667;SAINT LAURENT;;;
07207;2011-01-16T04:00:00+01:00;;;;190;6.2;283.05;281.95;93;10000;2;Nuages couvrant plus de la moitié du ciel pendant une partie de la période considérée et couvrant la moitié du ciel, ou moins, pendant l’autre partie;1;10;0;8000;30;20;11;;;;;;;;;;;;;8.200000;-10;;;;;0.2;0.2;;;;710.000000;1108.000000;2437.000000;;;;;;;;;;;;;;47.294333, -3.218333;BELLE ILE-LE TALUT;;Nuages couvrant plus de la moitié du ciel pendant une partie de la période considérée et couvrant la moitié du ciel, ou moins, pendant l’autre partie;2
07790;2011-01-16T04:00:00+01:00;102800;80;1;210;2.1;278.45;277.25;92;15000;2;Nuages couvrant plus de la moitié du ciel pendant une partie de la période considérée et couvrant la moitié du ciel, ou moins, pendant l’autre partie;1;0;;;;;;102650;;;;;;;;;;;;3.100000;-10;;;;;0.0;0.2;;;;710.000000;1103.000000;;;;;;;;;;;;;;;42.540667, 9.485167;BASTIA;1;Nuages couvrant plus de la moitié du ciel pendant une partie de la période considérée et couvrant la moitié du ciel, ou moins, pendant l’autre partie;2
61972;2011-01-16T04:00:00+01:00;101030;;;130;3.1;300.05;298.45;91;;;;;;;;;;;;;;;;;;;;;;;;;;;;;;;;;;;;;;;;;;;;;;;;;;-22.344167, 40.340667;EUROPA;;;
07015;2011-01-16T07:00:00+01:00;102210;10;3;210;6.2;281.25;280.45;95;20000;1;;;75;6;1250;35;20;10;101630;;;;280.150000;;282.450000;;279.150000;;;;9.300000;-10;1;0.000000;0.000000;-60;0.0;0.0;;0.0;0.0;710.000000;1109.000000;3100.000000;;6;6;1470;;;;;;;;;;50.57, 3.0975;LILLE-LESQUIN;3;;1
07481;2011-01-16T07:00:00+01:00;102920;-20;8;150;2.1;274.75;273.55;92;2000;10;Nuages ne couvrant pas plus de la moitié du ciel pendant toute la période considérée;0;0;;;;;;99910;;;;274.750000;;280.950000;;270.150000;;;;3.100000;-10;1;0.000000;0.000000;-60;0.0;0.0;;0.0;0.0;710.000000;1103.000000;3100.000000;;;;;;;;;;;;;;45.7265, 5.077833;LYON-ST EXUPERY;8;Nuages ne couvrant pas plus de la moitié du ciel pendant toute la période considérée;10
07577;2011-01-16T07:00:00+01:00;102980;20;3;0;0.0;272.75;272.05;94;900;40;Nuages ne couvrant pas plus de la moitié du ciel pendant toute la période considérée;0;0;;;;;;102030;;;;272.650000;;285.050000;;269.150000;;;;1.000000;-10;0;0.000000;0.000000;-60;0.0;0.0;;0.0;0.0;710.000000;1101.000000;3100.000000;;;;;;;;;;;;;;44.581167, 4.733;MONTELIMAR;3;Nuages ne couvrant pas plus de la moitié du ciel pendant toute la période considérée;40
61972;2011-01-16T07:00:00+01:00;101120;;;110;4.1;305.25;299.05;70;;;;;;;;;;;;;;;299.050000;;;;;;;;;;;;;;;;;;;;;;;;;;;;;;;;;;;-22.344167, 40.340667;EUROPA;;;
07591;2011-01-16T10:00:00+01:00;;110;1;80;1.0;275.45;269.35;64;;On n’a pas observé d’évolution des nuages ou on n’a pas pu suivre cette évolution;;;;;;;;;92830;;;;;;;;;;;;2.100000;-10;;;;;0.0;0.0;;;;710.000000;1102.000000;;;;;;;;;;;;;;;44.565667, 6.502333;EMBRUN;1;;On n’a pas observé d’évolution des nuages ou on n’a pas pu suivre cette évolution
07015;2011-01-16T13:00:00+01:00;102260;-30;8;200;8.2;284.55;281.05;79;30000;2;Nuages couvrant plus de la moitié du ciel pendant une partie de la période considérée et couvrant la moitié du ciel, ou moins, pendant l’autre partie;1;40;3;1750;35;20;10;101690;;;;;;;;;;;;11.800000;-10;;;0.000000;-60;0.0;0.0;0.000000;;;710.000000;1112.000000;3100.000000;;3;6;1500;;;;;;;;;;50.57, 3.0975;LILLE-LESQUIN;8;Nuages couvrant plus de la moitié du ciel pendant une partie de la période considérée et couvrant la moitié du ciel, ou moins, pendant l’autre partie;2
07130;2011-01-16T13:00:00+01:00;102260;-60;8;180;4.6;282.05;281.45;96;7000;0;;;100;;80;;;;101730;;;;;;;;;;;;6.700000;-10;;;;;0.0;0.0;0.000000;;;710.000000;1107.000000;;;;;;;;;;;;;;;48.068833, -1.734;RENNES-ST JACQUES;8;;0
61972;2011-01-16T13:00:00+01:00;100910;;;230;3.1;305.35;298.65;68;;;;;;;;;;;;;;;;;;;;;;;5.700000;-10;;;;;0.0;;0.000000;;;710.000000;1106.000000;;;;;;;;;;;;;;;-22.344167, 40.340667;EUROPA;;;
07747;2011-01-16T16:00:00+01:00;102700;-50;5;270;1.5;284.65;281.55;81;9000;2;Nuages couvrant plus de la moitié du ciel pendant une partie de la période considérée et couvrant la moitié du ciel, ou moins, pendant l’autre partie;1;100;7;450;35;61;60;102160;;;;;;;;;;;;2.600000;-10;;;0.000000;-30;0.0;0.0;;;;710.000000;1103.000000;3100.000000;;4;7;390;7;6;750;;;;;;;42.737167, 2.872833;PERPIGNAN;5;Nuages couvrant plus de la moitié du ciel pendant une partie de la période considérée et couvrant la moitié du ciel, ou moins, pendant l’autre partie;2
07168;2011-01-16T19:00:00+01:00;102430;20;3;190;2.6;278.35;276.55;88;;;;;;;;;;;101040;;;;272.950000;;285.750000;;;;;;5.100000;-10;;;;;0.0;0.0;;0.0;;710.000000;1105.000000;;;;;;;;;;;;;;;48.324667, 4.02;TROYES-BARBEREY;3;;
07280;2011-01-16T19:00:00+01:00;102770;40;3;180;1.0;275.65;275.35;98;100;45;;;101;;;62;61;60;99940;;;;271.250000;;276.650000;;;;;;2.100000;-10;;;;;0.0;0.0;;0.0;;710.000000;1102.000000;;;;;;;;;;;;;;;47.267833, 5.088333;DIJON-LONGVIC;3;;45
07790;2011-01-16T19:00:00+01:00;102950;40;3;0;0.0;285.35;283.05;86;10000;2;Nuages couvrant plus de la moitié du ciel pendant une partie de la période considérée et couvrant la moitié du ciel, ou moins, pendant l’autre partie;1;90;7;450;35;61;60;102800;;;;278.350000;;288.150000;;;;;;1.000000;-10;;;;;0.0;0.0;;0.0;;710.000000;1101.000000;;;7;6;450;;;;;;;;;;42.540667, 9.485167;BASTIA;3;Nuages couvrant plus de la moitié du ciel pendant une partie de la période considérée et couvrant la moitié du ciel, ou moins, pendant l’autre partie;2
07222;2011-01-16T22:00:00+01:00;102420;30;1;160;3.6;282.15;281.35;95;6000;2;Nuages couvrant plus de la moitié du ciel pendant une partie de la période considérée et couvrant la moitié du ciel, ou moins, pendant l’autre partie;1;90;7;150;36;61;60;102100;;;;;;;;;;;;6.200000;-10;;;;;0.0;0.0;;;;710.000000;1106.000000;;;5;7;150;7;6;1500;;;;;;;47.15, -1.608833;NANTES-BOUGUENAIS;1;Nuages couvrant plus de la moitié du ciel pendant une partie de la période considérée et couvrant la moitié du ciel, ou moins, pendant l’autre partie;2
07005;2011-03-16T04:00:00+01:00;100980;-120;8;40;5.1;282.15;279.75;85;;;;;;;;;;;100080;;;;;;;;;;;;6.700000;-10;;;;;0.0;0.0;;;;710.000000;1107.000000;;;;;;;;;;;;;;;50.136, 1.834;ABBEVILLE;8;;
07037;2011-03-16T04:00:00+01:00;100910;-110;7;30;3.6;281.35;279.35;87;4300;10;;;;;;;;;99080;;;;;;;;;;;;6.700000;-10;;;;;0.0;0.0;;;;710.000000;1107.000000;;;;;;;;;;;;;;;49.383, 1.181667;ROUEN-BOOS;7;;10
07481;2011-03-16T04:00:00+01:00;100300;-110;5;140;2.6;282.95;280.05;82;13000;2;Nuages couvrant plus de la moitié du ciel pendant une partie de la période considérée et couvrant la moitié du ciel, ou moins, pendant l’autre partie;1;100;8;3500;30;27;60;97460;;;;;;;;;;;;3.600000;-10;;;0.000000;-30;0.0;0.0;;;;710.000000;1104.000000;3100.000000;;8;3;3300;;;;;;;;;;45.7265, 5.077833;LYON-ST EXUPERY;5;Nuages couvrant plus de la moitié du ciel pendant une partie de la période considérée et couvrant la moitié du ciel, ou moins, pendant l’autre partie;2
07460;2011-03-16T07:00:00+01:00;100360;-80;8;220;3.1;282.25;282.15;99;15000;61;;6;100;3;1750;38;27;60;96510;;;;282.150000;;285.150000;;281.150000;;;;4.600000;-10;1;0.000000;0.000000;-60;0.8;3.0;;4.0;4.8;710.000000;1105.000000;3100.000000;;3;6;1500;7;3;2400;;;;;;;45.786833, 3.149333;CLERMONT-FD;8;;61
81401;2011-03-16T07:00:00+01:00;101170;;;10;0.5;296.05;295.35;96;;;;;;;;;;;101110;;;;;;;;;;;;;;;;;;;0.6;0.800000;;;;;;;;;;;;;;;;;;;5.4855, -54.031667;SAINT LAURENT;;;
07627;2011-03-16T13:00:00+01:00;100180;50;2;340;1.0;282.55;280.95;90;4000;65;Pluie;5;100;7;250;35;61;60;95370;;;;;;;;;;;;;;;;0.000000;-60;6.0;15.0;19.000000;;;3100.000000;;;;7;6;180;;;;;;;;;;43.005333, 1.106833;ST GIRONS;2;Pluie;65
07627;2011-03-17T13:00:00+01:00;101720;200;1;290;6.2;284.75;278.35;65;8000;2;Nuages couvrant plus de la moitié du ciel pendant une partie de la période considérée et couvrant la moitié du ciel, ou moins, pendant l’autre partie;1;90;7;800;38;61;60;96870;;;;;;;;;;;;12.300000;-10;;;0.000000;-60;0.0;0.0;0.000000;;;710.000000;1112.000000;3100.000000;;4;8;780;7;6;1080;;;;;;;43.005333, 1.106833;ST GIRONS;1;Nuages couvrant plus de la moitié du ciel pendant une partie de la période considérée et couvrant la moitié du ciel, ou moins, pendant l’autre partie;2
61998;2011-03-17T13:00:00+01:00;100280;;;300;14.9;283.05;280.65;85;8000;60;Pluie;6;75;5;450;34;20;10;;;;;;;;;;;;;23.100000;-10;;;;;0.2;;0.200000;;;710.000000;1123.000000;;;5;8;300;5;6;480;;;;;;;-49.352333, 70.243333;KERGUELEN;;Pluie;60
81401;2011-03-17T13:00:00+01:00;101410;;;0;0.0;297.95;296.95;94;;;;;;;;;;;101350;;;;295.250000;;;;;;;;;;;;;;;0.0;;;2.0;;;;;;;;;;;;;;;;;5.4855, -54.031667;SAINT LAURENT;;;
81408;2011-03-17T13:00:00+01:00;101410;;;20;1.0;296.45;295.05;92;;;;;;;;;;;101330;;;;294.550000;;;;;;;;;;;;;;;0.0;;;100.0;;;;;;;;;;;;;;;;;3.890667, -51.804667;SAINT GEORGES;;;
07280;2011-03-17T16:00:00+01:00;101360;230;3;320;5.7;280.55;277.65;82;6000;0;;;100;;450;;;;98610;;;;;;;;;;;;8.700000;-10;;;;;0.0;0.0;;;;710.000000;1109.000000;;;;;;;;;;;;;;;47.267833, 5.088333;DIJON-LONGVIC;3;;0
07607;2011-03-17T19:00:00+01:00;102350;290;3;300;3.6;284.25;280.95;80;10000;0;;;100;;800;;;;101630;;;;283.450000;;285.850000;;;;;;6.200000;-10;;;;;0.0;0.0;;0.0;;710.000000;1106.000000;;;;;;;;;;;;;;;43.909833, -0.500167;MONT-DE-MARSAN;3;;0
78922;2011-03-17T19:00:00+01:00;101500;-230;7;50;6.2;300.75;294.05;67;;;;;;;;;;;101060;;;;;;;;;;;;;;;;;;;;;;;;;;;;;;;;;;;;;;;14.7745, -60.875333;TRINITE-CARAVEL;7;;
78925;2011-03-17T19:00:00+01:00;101490;-210;6;80;7.7;299.45;296.15;82;12000;80;Averse(s);6;60;5;450;32;20;10;;;;;;296.450000;303.150000;;;;;;;;;;;;;;0.000000;;;;;;;2;8;450;4;8;750;;;;;;;14.595333, -60.995667;LAMENTIN-AERO;6;Averse(s);80
07255;2011-03-17T22:00:00+01:00;102210;280;3;340;1.5;281.35;277.35;76;5000;0;;;;;;;;;100180;;;;;;;;;;;;4.600000;-10;;;;;0.0;0.0;;;;710.000000;1105.000000;;;;;;;;;;;;;;;47.059167, 2.359833;BOURGES;3;;0
67005;2011-03-17T22:00:00+01:00;100950;-40;8;250;4.1;300.55;297.45;83;;0;;;;;;;;;100870;;;;;;;;;;;;5.100000;-10;;;;;0.0;0.0;;;;710.000000;1105.000000;;;;;;;;;;;;;;;-12.8055, 45.282833;PAMANDZI;8;;0
81401;2011-03-17T22:00:00+01:00;101110;;;50;3.1;300.85;295.15;71;;;;;;;;;;;101050;;;;;;;;;;;;;;;;;;;0.0;;;;;;;;;;;;;;;;;;;;5.4855, -54.031667;SAINT LAURENT;;;
07015;2011-03-18T04:00:00+01:00;102120;60;0;150;1.0;276.55;276.55;100;2700;10;;;60;5;1250;35;20;10;101530;;;;;;;;;;;;3.600000;-10;;;0.000000;-30;0.0;0.0;;;;710.000000;1104.000000;3100.000000;;5;6;990;;;;;;;;;;50.57, 3.0975;LILLE-LESQUIN;0;;10
61997;2011-03-18T04:00:00+01:00;100890;;;300;13.9;283.65;280.85;83;;;;;;;;;;;;;;300;;;;;;;;;23.700000;-30;;;;;;0.2;;;;1124.000000;;;;;;;;;;;;;;;;-46.4325, 51.856667;CROZET;;;
07280;2011-03-18T07:00:00+01:00;102480;170;1;280;2.6;279.45;275.55;76;6000;0;;;100;;800;;;;99690;;;;279.350000;;280.650000;;279.150000;;;;4.600000;-10;0;0.000000;;;0.0;0.0;;0.0;0.0;710.000000;1105.000000;;;;;;;;;;;;;;;47.267833, 5.088333;DIJON-LONGVIC;1;;0
07591;2011-03-13T01:00:00+01:00;;-180;8;10;10.3;278.65;273.25;68;;0;;;;;;;;;90930;;;;;;;;;;;17.000000;17.000000;-10;;;;;0.0;0.6;1.000000;;;1017.000000;710.000000;1117.000000;;;;;;;;;;;;;;44.565667, 6.502333;EMBRUN;8;;0
07621;2011-03-13T01:00:00+01:00;100110;-40;8;150;1.5;281.65;279.45;86;30000;2;Nuages couvrant plus de la moitié du ciel pendant une partie de la période considérée et couvrant la moitié du ciel, ou moins, pendant l’autre partie;1;90;7;2250;35;61;60;95820;;;;;;;;;;;;3.100000;-10;;;0.000000;-60;0.0;0.0;0.000000;;;710.000000;1103.000000;3100.000000;;7;6;2100;;;;;;;;;;43.188, 0.0;TARBES-OSSUN;8;Nuages couvrant plus de la moitié du ciel pendant une partie de la période considérée et couvrant la moitié du ciel, ou moins, pendant l’autre partie;2
07650;2011-03-13T01:00:00+01:00;100350;-220;8;80;14.4;284.35;280.65;78;40000;60;Pluie;2;100;8;1750;38;61;60;99970;;;;;;;;;;;21.600000;24.200000;-10;;;0.000000;-60;0.2;0.2;1.000000;;;1022.000000;710.000000;1124.000000;3100.000000;3;8;1500;8;6;2400;;;;;;;43.437667, 5.216;MARIGNANE;8;Pluie;60
07661;2011-03-13T07:00:00+01:00;100270;-30;6;90;17.0;283.25;282.35;94;7000;63;Pluie;6;100;8;800;37;20;10;98650;;;;282.150000;;283.550000;;;;;24.200000;27.800000;-10;;;;;1.0;7.0;;27.0;28.8;1024.000000;710.000000;1128.000000;;8;7;780;;;;;;;;;;43.079333, 5.940833;CAP CEPET;6;Pluie;63
78897;2011-03-13T07:00:00+01:00;101510;-190;8;110;0.5;292.75;291.05;90;35000;2;Nuages couvrant plus de la moitié du ciel pendant une partie de la période considérée et couvrant la moitié du ciel, ou moins, pendant l’autre partie;1;10;1;800;38;20;10;;;;;;292.250000;;300.950000;275.150000;;;;;;;;;;;;0.000000;;0.0;;;;;1;8;690;;;;;;;;;;16.264, -61.516333;LE RAIZET AERO;8;Nuages couvrant plus de la moitié du ciel pendant une partie de la période considérée et couvrant la moitié du ciel, ou moins, pendant l’autre partie;2
07027;2011-03-13T10:00:00+01:00;;140;3;180;4.6;283.15;;;13000;2;Nuages couvrant plus de la moitié du ciel pendant une partie de la période considérée et couvrant la moitié du ciel, ou moins, pendant l’autre partie;1;90;7;450;38;61;60;99260;;;;;;;;;;;;6.700000;-10;;;0.000000;-30;0.0;0.0;;;;710.000000;1107.000000;3100.000000;;2;8;360;7;6;1050;;;;;;;49.18, -0.456167;CAEN-CARPIQUET;3;Nuages couvrant plus de la moitié du ciel pendant une partie de la période considérée et couvrant la moitié du ciel, ou moins, pendant l’autre partie;2
78925;2011-03-13T10:00:00+01:00;101380;-40;5;30;2.1;295.25;291.05;77;60000;On n’a pas observé d’évolution des nuages ou on n’a pas pu suivre cette évolution;;;;;;;;;;;;;;;;;;;;;;;;;;;;;;;;;;;;;;;;;;;;;;;;14.595333, -60.995667;LAMENTIN-AERO;5;;On n’a pas observé d’évolution des nuages ou on n’a pas pu suivre cette évolution
07117;2011-03-13T13:00:00+01:00;100390;190;1;340;4.1;281.75;275.95;67;25000;1;Pluie;2;60;5;800;32;20;15;99690;;;;;;;;;;;;7.200000;-10;;;;;0.0;0.0;0.800000;;;710.000000;1107.000000;2428.000000;;;;;;;;;;;;;;48.825833, -3.473167;PLOUMANAC'H;1;Pluie;1
07471;2011-03-13T13:00:00+01:00;;70;2;130;4.6;280.85;276.65;75;28000;21;Pluie;2;100;7;800;35;61;60;90740;85000;16420;;;;;;;;;;8.700000;-10;;;0.000000;-60;0.0;0.0;0.000000;;;710.000000;1109.000000;3100.000000;;7;6;750;;;;;;;;;;45.0745, 3.764;LE PUY-LOUDES;2;Pluie;21
07761;2011-03-13T13:00:00+01:00;100540;50;3;0;0.0;287.75;284.75;82;15000;61;Pluie;2;100;5;450;35;27;60;100430;;;;;;;;;;;;3.600000;-10;;;0.000000;-60;0.8;0.8;5.000000;;;710.000000;1104.000000;3100.000000;;1;6;540;5;6;1380;7;4;1800;;;;41.918, 8.792667;AJACCIO;3;Pluie;61
61998;2011-03-13T13:00:00+01:00;102100;;;360;7.7;280.65;276.85;77;25000;2;Nuages couvrant plus de la moitié du ciel pendant une partie de la période considérée et couvrant la moitié du ciel, ou moins, pendant l’autre partie;1;90;7;1250;35;61;60;;;;130;;;;;;;;;12.300000;-10;;;;;0.0;;0.000000;;;710.000000;1112.000000;;;7;6;1080;;;;;;;;;;-49.352333, 70.243333;KERGUELEN;;Nuages couvrant plus de la moitié du ciel pendant une partie de la période considérée et couvrant la moitié du ciel, ou moins, pendant l’autre partie;2
07005;2011-03-13T16:00:00+01:00;100300;40;3;150;3.6;285.35;280.45;72;35000;2;Nuages couvrant plus de la moitié du ciel pendant une partie de la période considérée et couvrant la moitié du ciel, ou moins, pendant l’autre partie;1;100;8;800;35;61;60;99420;;;;;;;;;;;;5.100000;-10;;;0.000000;-30;0.0;0.0;;;;710.000000;1105.000000;3100.000000;;2;6;780;7;6;1380;;;;;;;50.136, 1.834;ABBEVILLE;3;Nuages couvrant plus de la moitié du ciel pendant une partie de la période considérée et couvrant la moitié du ciel, ou moins, pendant l’autre partie;2
07207;2011-03-13T16:00:00+01:00;;;;300;3.1;286.55;281.35;71;25000;2;Nuages couvrant plus de la moitié du ciel pendant une partie de la période considérée et couvrant la moitié du ciel, ou moins, pendant l’autre partie;1;60;2;800;31;25;18;;;;;;;;;;;;;7.700000;-10;;;;;0.0;0.2;;;;710.000000;1108.000000;2438.000000;;;;;;;;;;;;;;47.294333, -3.218333;BELLE ILE-LE TALUT;;Nuages couvrant plus de la moitié du ciel pendant une partie de la période considérée et couvrant la moitié du ciel, ou moins, pendant l’autre partie;2
07481;2011-03-13T16:00:00+01:00;100570;110;3;330;3.6;282.65;281.25;91;10000;61;Pluie;2;100;8;250;35;61;60;97720;;;;;;;;;;;;5.700000;-10;;;0.000000;-30;0.6;2.0;;;;710.000000;1106.000000;3100.000000;;1;7;240;8;6;1500;;;;;;;45.7265, 5.077833;LYON-ST EXUPERY;3;Pluie;61
07790;2011-03-13T16:00:00+01:00;100540;-60;5;160;1.5;287.75;286.15;90;9000;1;Pluie;2;90;5;150;35;27;60;100400;;;;;;;;;;;;4.600000;-10;;;0.000000;-30;0.0;1.0;;;;710.000000;1105.000000;3100.000000;;2;7;150;5;6;900;7;3;2700;;;;42.540667, 9.485167;BASTIA;5;Pluie;1
61976;2011-03-13T16:00:00+01:00;;;;;;;;;12000;2;Nuages couvrant plus de la moitié du ciel pendant une partie de la période considérée et couvrant la moitié du ciel, ou moins, pendant l’autre partie;1;40;1;800;38;23;12;;;;110;;;;;;;;;8.200000;-10;;;;;0.0;0.0;;;;710.000000;1108.000000;2427.000000;;1;8;690;3;0;9000;;;;;;;-15.887667, 54.520667;TROMELIN;;Nuages couvrant plus de la moitié du ciel pendant une partie de la période considérée et couvrant la moitié du ciel, ou moins, pendant l’autre partie;2
81415;2011-03-13T16:00:00+01:00;101290;;;30;1.5;301.85;296.05;71;;;;;;;;;;;100100;;;;;;;;;;;;;;;;;;;0.0;;;;;;;;;;;;;;;;;;;;3.640167, -54.028333;MARIPASOULA;;;
07280;2011-03-13T19:00:00+01:00;100760;130;3;160;2.1;281.95;280.75;92;13000;0;;;;;;;;;98050;;;;279.850000;;283.050000;;;;;;2.600000;-10;;;;;0.0;0.8;;9.0;;710.000000;1103.000000;;;;;;;;;;;;;;;47.267833, 5.088333;DIJON-LONGVIC;3;;0
07630;2011-03-13T19:00:00+01:00;100580;180;3;300;2.6;286.45;280.85;69;30000;2;Nuages couvrant plus de la moitié du ciel pendant une partie de la période considérée et couvrant la moitié du ciel, ou moins, pendant l’autre partie;1;50;2;1250;38;20;12;98810;;;;281.850000;;290.150000;;;;;;5.100000;-10;;;0.000000;-60;0.0;0.0;;0.0;;710.000000;1105.000000;3100.000000;;1;8;1080;3;0;7500;;;;;;;43.621, 1.378833;TOULOUSE-BLAGNAC;3;Nuages couvrant plus de la moitié du ciel pendant une partie de la période considérée et couvrant la moitié du ciel, ou moins, pendant l’autre partie;2
78922;2011-03-13T19:00:00+01:00;101460;-200;6;60;6.2;299.75;289.95;55;;;;;;;;;;;101010;;;;;;;;;;;;;;;;;;;;;;;;;;;;;;;;;;;;;;;14.7745, -60.875333;TRINITE-CARAVEL;6;;
07190;2011-03-13T22:00:00+01:00;100930;210;1;280;2.1;282.55;280.95;90;8000;0;;;100;;1750;;;;99120;;;;;;;;;;;;2.600000;-10;;;;;0.2;0.2;;;;710.000000;1103.000000;;;;;;;;;;;;;;;48.5495, 7.640333;STRASBOURG-ENTZHEIM;1;;0
61976;2011-03-18T07:00:00+01:00;101120;;;110;6.2;303.25;296.65;68;14000;2;Nuages couvrant plus de la moitié du ciel pendant une partie de la période considérée et couvrant la moitié du ciel, ou moins, pendant l’autre partie;1;50;3;800;38;20;17;;;;;299.450000;;;;298.150000;;;;10.800000;-10;;;;;0.0;;;;0.2;710.000000;1111.000000;2437.000000;;2;8;690;4;0;9000;;;;;;;-15.887667, 54.520667;TROMELIN;;Nuages couvrant plus de la moitié du ciel pendant une partie de la période considérée et couvrant la moitié du ciel, ou moins, pendant l’autre partie;2
67005;2011-03-18T07:00:00+01:00;101030;180;1;200;1.5;302.15;297.25;75;20000;2;Nuages couvrant plus de la moitié du ciel pendant une partie de la période considérée et couvrant la moitié du ciel, ou moins, pendant l’autre partie;1;90;3;800;38;27;16;100950;;;;300.150000;;302.250000;;299.150000;;;;4.100000;-10;0;0.000000;;;0.0;0.0;;0.0;0.0;710.000000;1104.000000;;;3;8;660;3;4;2700;6;0;9000;;;;-12.8055, 45.282833;PAMANDZI;1;Nuages couvrant plus de la moitié du ciel pendant une partie de la période considérée et couvrant la moitié du ciel, ou moins, pendant l’autre partie;2
07627;2011-03-18T10:00:00+01:00;102910;150;1;350;1.5;280.35;278.95;91;3000;51;Bruine;2;100;8;150;37;61;60;97930;;;;;;;;;;;;3.100000;-10;;;0.000000;-30;0.2;0.2;;;;710.000000;1103.000000;3100.000000;;8;7;90;;;;;;;;;;43.005333, 1.106833;ST GIRONS;1;Bruine;51
07335;2011-03-18T13:00:00+01:00;102610;-10;8;230;4.6;286.15;283.15;82;30000;1;Bruine;2;90;7;450;31;61;60;101160;;;;;;;;;;;;7.200000;-10;;;;;0.0;0.0;0.000000;;;710.000000;1107.000000;;;7;8;450;;;;;;;;;;46.593833, 0.314333;POITIERS-BIARD;8;Bruine;1
07747;2011-03-18T13:00:00+01:00;102230;50;1;320;11.8;289.15;277.25;45;40000;2;Nuages couvrant plus de la moitié du ciel pendant une partie de la période considérée et couvrant la moitié du ciel, ou moins, pendant l’autre partie;1;40;1;1250;35;24;12;101700;;;;;;;;;;;19.500000;21.600000;-10;;;;;0.0;0.0;0.000000;;;1020.000000;710.000000;1122.000000;;1;6;1200;3;0;7500;;;;;;;42.737167, 2.872833;PERPIGNAN;1;Nuages couvrant plus de la moitié du ciel pendant une partie de la période considérée et couvrant la moitié du ciel, ou moins, pendant l’autre partie;2
81415;2011-03-18T16:00:00+01:00;101270;;;90;1.5;302.55;296.75;71;;;;;;;;;;;100080;;;;;;;;;;;;;;;;;;;0.0;;;;;;;;;;;;;;;;;;;;3.640167, -54.028333;MARIPASOULA;;;
07005;2011-03-18T19:00:00+01:00;102220;50;3;290;2.6;281.35;280.45;94;;;;;;;;;;;101310;;;;277.650000;;282.950000;;;;;;4.600000;-10;;;;;1.0;3.0;;4.0;;710.000000;1105.000000;;;;;;;;;;;;;;;50.136, 1.834;ABBEVILLE;3;;
07015;2011-03-18T19:00:00+01:00;102210;40;3;200;1.0;281.65;281.65;100;4100;61;;;100;;1250;;;;101630;;;;277.450000;;283.850000;;;;;;3.100000;-10;;;;;0.6;2.0;;2.0;;710.000000;1103.000000;;;;;;;;;;;;;;;50.57, 3.0975;LILLE-LESQUIN;3;;61
07015;2011-03-18T22:00:00+01:00;102370;160;3;30;6.7;280.05;280.05;100;7000;61;Pluie;6;100;8;150;35;61;60;101790;;;;;;;;;;;;9.300000;-10;;;0.000000;-30;0.2;3.0;;;;710.000000;1109.000000;3100.000000;;6;7;180;8;6;1200;;;;;;;50.57, 3.0975;LILLE-LESQUIN;3;Pluie;61
07335;2011-03-18T22:00:00+01:00;102680;60;1;250;5.1;283.95;282.05;88;55000;0;;;100;;450;;;;101220;;;;;;;;;;;;9.300000;-10;;;;;0.0;0.0;;;;710.000000;1109.000000;;;;;;;;;;;;;;;46.593833, 0.314333;POITIERS-BIARD;1;;0
71805;2011-03-18T22:00:00+01:00;100160;-400;8;180;11.3;274.35;273.95;97;6000;;;;100;;80;;;;100070;;;;;;;;;;;;16.500000;-10;;;;;0.0;0.0;;;;710.000000;1116.000000;;;;;;;;;;;;;;;46.766333, -56.179167;ST-PIERRE;8;;
07168;2011-03-19T01:00:00+01:00;102240;-90;6;240;5.1;283.35;282.25;93;;;;;;;;;;;100800;;;;;;;;;;;;8.700000;-10;;;;;0.4;2.0;3.000000;;;710.000000;1109.000000;;;;;;;;;;;;;;;48.324667, 4.02;TROYES-BARBEREY;6;;
07627;2011-03-19T01:00:00+01:00;102940;-10;5;310;4.1;282.85;278.45;74;;;;;;;;;;;98000;;;;;;;;;;;;6.700000;-10;;;;;0.0;0.0;0.000000;;;710.000000;1107.000000;;;;;;;;;;;;;;;43.005333, 1.106833;ST GIRONS;5;;
07015;2011-03-19T04:00:00+01:00;102810;190;1;20;6.2;278.15;276.85;91;15000;0;;;90;7;1250;35;61;60;102220;;;;;;;;;;;;11.300000;-10;;;0.000000;-30;0.0;0.0;;;;710.000000;1111.000000;3100.000000;;7;6;1140;;;;;;;;;;50.57, 3.0975;LILLE-LESQUIN;1;;0
07761;2011-03-19T04:00:00+01:00;101750;-50;8;40;2.6;280.25;279.15;93;15000;2;Nuages couvrant plus de la moitié du ciel pendant une partie de la période considérée et couvrant la moitié du ciel, ou moins, pendant l’autre partie;1;60;1;800;35;20;12;101640;;;;;;;;;;;;3.100000;-10;;;0.000000;-30;0.0;0.0;;;;710.000000;1103.000000;3100.000000;;1;6;900;5;0;7500;;;;;;;41.918, 8.792667;AJACCIO;8;Nuages couvrant plus de la moitié du ciel pendant une partie de la période considérée et couvrant la moitié du ciel, ou moins, pendant l’autre partie;2
07240;2011-03-19T10:00:00+01:00;103110;210;2;20;4.1;279.65;275.75;76;14000;0;;;100;;800;;;;101730;;;;;;;;;;;;9.300000;-10;;;;;0.0;0.0;;;;710.000000;1109.000000;;;;;;;;;;;;;;;47.4445, 0.727333;TOURS;2;;0
07335;2011-03-19T10:00:00+01:00;103060;220;1;10;5.7;280.85;278.35;84;10000;2;Nuages couvrant plus de la moitié du ciel pendant une partie de la période considérée et couvrant la moitié du ciel, ou moins, pendant l’autre partie;1;100;8;450;35;61;60;101570;;;;;;;;;;;;8.200000;-10;;;;;0.0;0.0;;;;710.000000;1108.000000;;;4;6;450;8;6;690;;;;;;;46.593833, 0.314333;POITIERS-BIARD;1;Nuages couvrant plus de la moitié du ciel pendant une partie de la période considérée et couvrant la moitié du ciel, ou moins, pendant l’autre partie;2
07630;2011-03-19T10:00:00+01:00;102930;60;1;280;5.7;284.75;281.45;80;30000;1;Pluie;2;90;7;450;38;61;60;101110;;;;;;;;;;;;8.700000;-10;;;0.000000;-30;0.0;0.0;;;;710.000000;1109.000000;3100.000000;;3;8;480;5;6;1440;;;;;;;43.621, 1.378833;TOULOUSE-BLAGNAC;1;Pluie;1
81401;2011-03-19T10:00:00+01:00;101050;;;0;0.0;296.05;295.25;95;;;;;;;;;;;100990;;;;;;;;;;;;;;;;;;;0.0;;;;;;;;;;;;;;;;;;;;5.4855, -54.031667;SAINT LAURENT;;;
07690;2011-03-19T13:00:00+01:00;101800;-50;8;120;3.1;288.25;285.15;82;30000;2;Nuages couvrant plus de la moitié du ciel pendant une partie de la période considérée et couvrant la moitié du ciel, ou moins, pendant l’autre partie;1;25;2;450;32;23;12;101460;;;;;;;;;;;;4.600000;-10;;;0.000000;-60;0.0;0.0;0.000000;;;710.000000;1105.000000;3100.000000;;2;8;450;;;;;;;;;;43.648833, 7.209;NICE;8;Nuages couvrant plus de la moitié du ciel pendant une partie de la période considérée et couvrant la moitié du ciel, ou moins, pendant l’autre partie;2
61980;2011-03-19T13:00:00+01:00;100890;;;100;8.7;302.45;294.95;64;10000;2;Nuages couvrant plus de la moitié du ciel pendant une partie de la période considérée et couvrant la moitié du ciel, ou moins, pendant l’autre partie;1;60;2;800;38;26;11;;;;;;;;;;;;;14.400000;-10;;;;;0.0;;0.000000;;;710.000000;1114.000000;2447.000000;;2;8;780;3;3;4500;;;;;;;-20.8925, 55.528667;GILLOT-AEROPORT;;Nuages couvrant plus de la moitié du ciel pendant une partie de la période considérée et couvrant la moitié du ciel, ou moins, pendant l’autre partie;2
07650;2011-03-19T16:00:00+01:00;101820;-120;5;330;12.3;290.65;278.85;46;60000;2;Nuages couvrant plus de la moitié du ciel pendant une partie de la période considérée et couvrant la moitié du ciel, ou moins, pendant l’autre partie;1;10;1;1250;32;20;10;101440;;;;;;;;;;;;25.200000;-10;;;;;0.0;0.0;;;;710.000000;1125.000000;;;1;8;990;;;;;;;;;;43.437667, 5.216;MARIGNANE;5;Nuages couvrant plus de la moitié du ciel pendant une partie de la période considérée et couvrant la moitié du ciel, ou moins, pendant l’autre partie;2
07005;2017-04-25T02:00:00+02:00;101130;-40;6;320;2.7;282.15;278.55;78;20000;0;;;;;;;;;100260;;;-1140;;;;;283.250000;;;3.800000;7.200000;-10;;0.000000;;;0.0;0.0;0.000000;0.0;0.0;;;;;;;;;;;;;;;;;50.136, 1.834;ABBEVILLE;6;;0
07149;2017-04-25T02:00:00+02:00;101150;-90;8;290;2.5;280.85;276.35;73;56300;3;Nuages couvrant plus de la moitié du ciel pendant toute la période considérée;2;90;0;5000;30;20;12;100050;;;-1090;;;;;;;;3.400000;4.600000;-10;0;0.000000;0.000000;-60;0.0;0.0;0.000000;0.0;0.0;;;;;7;0;5000;;;;;;;;;;48.716833, 2.384333;ORLY;8;Nuages couvrant plus de la moitié du ciel pendant toute la période considérée;3
07471;2017-04-25T02:00:00+02:00;;-70;8;50;2.3;279.35;274.85;73;20000;0;;;90;7;7200;;;;91690;;761;-590;;;;;277.150000;;;4.400000;5.300000;-10;0;0.000000;;;0.0;0.0;0.000000;0.0;0.0;;;;;7;;7200;;;;;;;;;;45.0745, 3.764;LE PUY-LOUDES;8;;0
61997;2017-04-25T05:00:00+02:00;98940;100;0;240;14.4;275.55;274.35;92;;;;;;;;;;;97170;;;;;;;;;;;;19.000000;-10;;;;;1.0;1.0;;;;;;;;;;;;;;;;;;;;-46.4325, 51.856667;CROZET;0;;
07149;2017-04-25T08:00:00+02:00;101280;190;3;360;5.1;278.75;275.25;78;18000;60;Pluie;6;100;8;450;35;;;100170;;;-710;278.750000;;287.950000;;;;;15.400000;15.400000;-10;1;0.000000;0.000000;-60;-0.1;-0.1;-0.100000;-0.1;-0.1;;;;;4;6;450;8;6;840;;;;;;;48.716833, 2.384333;ORLY;3;Pluie;60
07460;2017-04-25T11:00:00+02:00;101010;-20;8;0;0.0;284.95;279.45;69;41140;0;;;90;5;1250;;;;97170;;;-580;;;;;279.150000;;;1.000000;2.200000;-10;0;0.000000;;;0.0;0.0;0.000000;0.0;0.0;;;;;5;;1440;7;;2820;;;;;;;45.786833, 3.149333;CLERMONT-FD;8;;0
78897;2017-04-25T11:00:00+02:00;101360;40;3;120;3.0;298.75;295.45;82;48130;;;;;;;;;;101270;;;-80;;;;;;;;;;;;;;;0.0;0.0;0.000000;0.0;0.0;;;;;;;;;;;;;;;;;16.264, -61.516333;LE RAIZET AERO;3;;
07117;2017-04-25T14:00:00+02:00;101610;0;0;10;6.3;284.45;274.35;50;25000;3;Nuages couvrant plus de la moitié du ciel pendant toute la période considérée;;60;4;800;35;24;11;100910;;;-260;;;;;;;;8.600000;10.000000;-10;;;;;0.0;0.0;0.000000;0.4;0.6;;;;;4;8;600;2;3;3000;2;0;6000;;;;48.825833, -3.473167;PLOUMANAC'H;0;Nuages couvrant plus de la moitié du ciel pendant toute la période considérée;3
07255;2017-04-25T14:00:00+02:00;101070;-60;8;20;5.3;281.45;279.25;86;18730;61;Pluie;6;100;8;250;;;;99070;;;-500;;;;;276.750000;;;8.500000;8.500000;-10;;0.000000;;;0.4;0.6;0.600000;0.6;0.6;;;;;1;;270;7;;420;8;;630;;;;47.059167, 2.359833;BOURGES;8;Pluie;61
07535;2017-04-25T14:00:00+02:00;100870;-80;8;0;0.0;285.35;284.25;93;11190;61;;;100;8;250;;;;97790;;;-580;;;;;281.950000;;;1.000000;2.300000;-10;2;0.000000;;;0.6;3.2;5.400000;5.4;5.4;;;;;7;;240;8;;870;;;;;;;44.745, 1.396667;GOURDON;8;;61
07181;2017-04-25T20:00:00+02:00;101060;-60;6;150;2.9;277.25;274.95;85;51300;0;;;100;8;1750;;;;96910;;;-120;277.250000;;282.750000;;278.850000;;;4.700000;4.700000;-10;;;;;0.0;-0.1;-0.100000;-0.1;-0.1;;;;;7;;1680;7;;1980;8;;2280;;;;48.581, 5.959833;NANCY-OCHEY;6;;0
61980;2017-04-25T20:00:00+02:00;101660;10;3;200;2.1;295.15;291.95;82;45640;0;;;;0;;;;;101510;;;30;;;;;;;;2.800000;6.800000;-10;;;;;0.0;1.6;2.400000;2.4;2.4;;;;;;;;;;;;;;;;;-20.8925, 55.528667;GILLOT-AEROPORT;3;;0
61996;2017-04-25T20:00:00+02:00;100610;-330;8;310;12.3;293.15;291.65;91;;;;;;;;;;;100270;;;;292.450000;;295.050000;;;;;;17.500000;-10;;;;;;0.4;;0.4;;;;;;;;;;;;;;;;;;-37.795167, 77.569167;NOUVELLE AMSTERDAM;8;;
61997;2017-04-25T20:00:00+02:00;99040;-530;8;310;16.5;277.55;276.35;92;;;;;;;;;;;97290;;;;276.150000;;278.050000;;;;;22.600000;22.600000;-10;;;;;;0.4;;0.4;;;;;;;;;;;;;;;;;;-46.4325, 51.856667;CROZET;8;;
07110;2017-04-26T02:00:00+02:00;101770;30;1;350;1.8;277.15;273.65;78;60000;0;;;90;5;1250;;;;100550;;;240;;;;;;;;2.800000;4.700000;-10;0;0.000000;;;0.0;0.0;0.200000;0.4;2.0;;;;;5;;1050;5;;1350;7;;4500;;9;;48.444167, -4.412;BREST-GUIPAVAS;1;;0
07314;2017-04-26T02:00:00+02:00;101380;40;1;10;4.7;280.65;274.45;65;15000;2;Nuages couvrant plus de la moitié du ciel pendant toute la période considérée;;100;3;800;37;22;;101100;;;130;;;;;;;;6.300000;6.800000;-10;2;;;;0.0;0.0;-0.100000;5.3;8.9;;;;;3;7;800;8;5;1500;;;;;;;46.046833, -1.4115;PTE DE CHASSIRON;1;Nuages couvrant plus de la moitié du ciel pendant toute la période considérée;2
61972;2017-04-26T02:00:00+02:00;101820;10;;150;5.6;296.45;290.25;68;;;;;;;;;;;101750;;;140;;294.650000;;300.650000;;;;;;;;;;;0.0;0.0;0.000000;1.4;18.1;;;;;;;;;;;;;;;;;-22.344167, 40.340667;EUROPA;;;
61976;2017-04-26T02:00:00+02:00;101370;10;;130;5.2;300.75;296.15;76;;;;;;;;;;;101290;;;-70;;299.750000;;304.250000;;;;;;;;;;;0.0;0.0;0.000000;0.0;0.0;;;;;;;;;;;;;;;;;-15.887667, 54.520667;TROMELIN;;;
07240;2017-04-26T05:00:00+02:00;101300;-20;6;340;3.1;276.35;271.75;72;60000;0;;;100;8;1750;;;;99910;;;80;;;;;276.750000;;;5.100000;5.100000;-10;0;0.000000;;;0.0;0.0;0.000000;-0.1;1.0;;;;;5;;1920;8;;2520;;;;;;;47.4445, 0.727333;TOURS;6;;0
07621;2017-04-26T05:00:00+02:00;100960;-30;7;270;3.0;282.05;280.45;90;14790;0;;;100;8;450;;;;96640;;;-110;;;;;285.050000;;;5.300000;5.700000;-10;1;0.000000;;;0.0;0.0;0.200000;8.7;8.7;;;;;1;;300;8;;600;;;;;;;43.188, 0.0;TARBES-OSSUN;7;;0
07643;2017-04-26T05:00:00+02:00;100650;20;1;350;2.4;284.75;283.65;93;59540;0;;;100;7;450;;;;100550;;;-760;;;;;286.650000;;;3.300000;5.600000;-10;;;;;0.6;2.0;4.600000;21.6;21.6;;;;;7;;510;7;;690;7;;1980;;8;;43.577, 3.963167;MONTPELLIER;1;;0
07761;2017-04-26T05:00:00+02:00;100890;-110;8;60;2.5;285.35;280.85;74;42340;0;;;90;7;3900;;;;100780;;;-610;;;;;285.150000;;;3.200000;4.500000;-10;;0.000000;;;0.0;0.0;0.000000;0.0;0.0;;;;;7;;3900;7;;4500;;;;;;;41.918, 8.792667;AJACCIO;8;;0
81415;2017-04-26T05:00:00+02:00;101170;0;;90;1.0;296.35;296.05;98;;;;;;;;;;;99960;;;-120;;296.350000;;306.250000;;;;;;;;;;;0.0;0.0;0.000000;7.3;7.3;;;;;;;;;;;;;;;;;3.640167, -54.028333;MARIPASOULA;;;
07577;2017-04-26T08:00:00+02:00;100780;140;3;20;4.6;283.05;281.15;88;20000;0;;;;;;;;;99890;;;-590;283.050000;;287.450000;;284.050000;;;8.700000;8.700000;-10;1;0.000000;;;0.0;-0.1;7.600000;21.1;21.1;;;;;;;;;;;;;;;;;44.581167, 4.733;MONTELIMAR;3;;0
61976;2017-04-26T08:00:00+02:00;101640;0;;140;8.3;299.75;297.95;90;;;;;;;;;;;101560;;;100;;297.150000;;304.250000;;;;;;;;;;;0.0;8.8;8.800000;8.8;8.8;;;;;;;;;;;;;;;;;-15.887667, 54.520667;TROMELIN;;;
78922;2017-04-26T08:00:00+02:00;101200;10;;80;5.8;299.35;296.65;85;;;;;;;;;;;100900;;;30;;296.850000;;302.450000;;;;;;;;;;;0.0;0.6;0.600000;0.6;2.2;;;;;;;;;;;;;;;;;14.7745, -60.875333;TRINITE-CARAVEL;;;
07072;2017-04-26T11:00:00+02:00;101360;40;2;350;2.3;281.05;274.65;64;19560;0;;;75;5;800;;;;100200;;;130;;;;;275.050000;;;5.000000;5.500000;-10;0;0.000000;;;0.0;0.0;0.000000;0.0;0.0;;;;;5;;840;5;;1260;6;;5520;;;;49.209667, 4.155333;REIMS-PRUNAY;2;;0
07181;2017-04-26T11:00:00+02:00;101250;100;1;350;2.3;278.35;275.35;81;16820;;;;;;;;;;97110;;;120;;;;;275.950000;;;3.400000;5.000000;-10;;;0.000000;-30;0.0;-0.1;-0.100000;0.4;0.4;;;;;;;;;;;;;;;;;48.581, 5.959833;NANCY-OCHEY;1;;
07577;2017-04-26T11:00:00+02:00;100970;180;1;20;6.1;282.15;278.85;80;20000;0;;;;;;;;;100070;;;-340;;;;;283.550000;;;9.400000;12.300000;-10;;0.000000;;;0.0;0.0;-0.100000;17.3;21.1;;;;;;;;;;;;;;;;;44.581167, 4.733;MONTELIMAR;1;;0
07607;2017-04-26T11:00:00+02:00;101500;200;1;360;2.9;280.25;276.85;79;45900;0;;;100;8;450;;;;100780;;;520;;;;;282.750000;;;4.800000;4.800000;-10;;0.000000;;;0.0;0.2;0.600000;0.8;5.0;;;;;6;;450;8;;690;;;;;;;43.909833, -0.500167;MONT-DE-MARSAN;1;;0
07761;2017-04-26T14:00:00+02:00;100860;-60;7;250;3.4;294.45;285.35;56;30000;3;Nuages couvrant plus de la moitié du ciel pendant toute la période considérée;2;90;2;1250;35;27;17;100760;;;-480;;;;;285.050000;;;5.200000;6.100000;-10;0;0.000000;0.000000;-60;0.0;0.0;0.000000;-0.1;-0.1;;;;;2;6;1000;3;3;3300;7;0;7000;;;;41.918, 8.792667;AJACCIO;7;Nuages couvrant plus de la moitié du ciel pendant toute la période considérée;3
61976;2017-04-26T14:00:00+02:00;101320;10;;120;1.4;301.25;297.45;80;;;;;;;;;;;101240;;;50;;297.150000;;303.350000;;;;;;;;;;;0.0;0.0;1.600000;10.4;10.4;;;;;;;;;;;;;;;;;-15.887667, 54.520667;TROMELIN;;;
07139;2017-04-26T17:00:00+02:00;101700;50;1;360;6.3;280.25;274.95;69;20000;0;;;100;1;1250;;;;99930;;;450;;;;;275.850000;;;10.300000;11.900000;-10;0;0.000000;;;0.2;0.2;0.200000;0.4;0.4;;;;;1;;1440;3;;2820;8;;3540;;;;48.4455, 0.110167;ALENCON;1;;0
07181;2017-04-26T20:00:00+02:00;101430;70;3;350;2.8;277.95;272.55;68;58940;0;;;100;8;800;;;;97270;;;360;276.050000;;280.350000;;279.150000;;;4.700000;8.400000;-10;;;;;-0.1;-0.1;0.200000;0.2;0.6;;;;;1;;780;7;;1170;8;;1350;;;;48.581, 5.959833;NANCY-OCHEY;3;;0
07222;2017-04-26T23:00:00+02:00;101960;180;2;10;1.3;276.85;272.85;75;60000;0;;;;0;;;;;101630;;;600;;;;;271.450000;;;2.100000;5.200000;-10;0;0.000000;;;0.0;0.0;0.000000;0.2;0.2;;;;;;;;;;;;;;;;;47.15, -1.608833;NANTES-BOUGUENAIS;2;;0
07471;2017-04-26T23:00:00+02:00;;180;2;290;2.7;274.35;273.65;95;7530;61;;;100;8;150;;;;91720;;765;640;;;;;277.050000;;;4.600000;5.300000;-10;2;0.000000;;;-0.1;-0.1;-0.100000;0.8;5.9;;;;;8;;180;;;;;;;;;;45.0745, 3.764;LE PUY-LOUDES;2;;61
07558;2017-04-26T23:00:00+02:00;101550;160;2;310;4.4;275.75;273.15;83;20000;0;;;;;;;;;93060;;;570;;;;;277.550000;;;7.300000;8.600000;-10;;0.000000;;;0.0;0.0;0.000000;-0.1;2.2;;;;;;;;;;;;;;;;;44.1185, 3.0195;MILLAU;2;;0
07621;2017-04-26T23:00:00+02:00;101770;150;3;220;2.2;279.25;276.05;80;48630;50;;;100;8;1750;;;;97370;;;680;;;;;284.250000;;;2.900000;4.000000;-10;1;0.000000;;;-0.1;-0.1;-0.100000;-0.1;0.8;;;;;8;;1560;;;;;;;;;;43.188, 0.0;TARBES-OSSUN;3;;50
78894;2017-04-26T23:00:00+02:00;101360;10;;100;2.9;301.05;293.35;63;;;;;;;;;;;100860;;;40;;298.050000;;303.750000;;;;;;;;;;;0.0;0.0;0.000000;0.0;0.0;;;;;;;;;;;;;;;;;17.9015, -62.852167;ST-BARTHELEMY METEO;;;
07299;2017-04-27T02:00:00+02:00;101460;60;1;320;5.0;277.05;276.35;95;4530;61;;;100;8;250;;;;98120;;;450;;;;;278.450000;;;7.600000;7.600000;-10;2;0.000000;;;0.8;1.8;4.200000;4.2;13.5;;;;;5;;210;8;;390;;;;;;;47.614333, 7.51;BALE-MULHOUSE;1;;61
07535;2017-06-16T05:00:00+02:00;102390;20;3;310;1.6;289.75;286.45;81;20000;0;;;75;6;1250;;;;99320;;;740;;;;;291.850000;;;3.200000;4.300000;-10;0;0.000000;;;0.0;0.0;0.000000;0.0;0.0;;;;;6;;1350;;;;;;;;;;44.745, 1.396667;GOURDON;3;;0
07643;2017-06-16T05:00:00+02:00;101840;100;3;270;2.5;298.25;292.15;69;42410;0;;;;0;;;;;101750;;;360;;;;;296.050000;;;3.300000;3.300000;-10;;;;;0.0;0.0;0.000000;4.3;4.3;;;;;;;;;;;;;;;;;43.577, 3.963167;MONTPELLIER;3;;0
07558;2017-06-16T08:00:00+02:00;102130;50;3;290;4.0;292.05;289.65;86;19660;0;;;;;;;;;94080;;;470;292.050000;;298.750000;;293.050000;;;6.200000;6.200000;-10;;0.000000;;;0.0;0.0;0.000000;0.0;0.0;;;;;;;;;;;;;;;;;44.1185, 3.0195;MILLAU;3;;0
07761;2017-06-16T08:00:00+02:00;101610;0;5;30;1.6;296.65;287.95;58;35000;1;Nuages ne couvrant pas plus de la moitié du ciel pendant toute la période considérée;0;10;0;;30;20;11;101510;;;70;291.950000;;300.050000;;291.250000;;;2.200000;2.800000;-10;0;0.000000;0.000000;-60;0.0;0.0;0.000000;0.0;0.0;;;;;1;0;8000;;;;;;;;;;41.918, 8.792667;AJACCIO;5;Nuages ne couvrant pas plus de la moitié du ciel pendant toute la période considérée;1
81408;2017-06-16T08:00:00+02:00;101330;10;;0;0.0;296.35;296.05;98;;;;;;;;;;;101260;;;10;;295.550000;;305.850000;;;;;;;;;;;0.0;1.0;1.200000;2.0;2.0;;;;;;;;;;;;;;;;;3.890667, -51.804667;SAINT GEORGES;;;
07591;2017-06-16T11:00:00+02:00;;-90;6;190;2.7;298.05;282.75;38;18500;0;;;;;;;;;91990;;1562;60;;;;;284.950000;;;4.700000;4.700000;-10;;0.000000;;;0.0;0.0;0.000000;0.0;0.0;;;;;;;;;;;;;;;;;44.565667, 6.502333;EMBRUN;6;;0
07630;2017-06-16T11:00:00+02:00;102460;0;0;260;3.2;296.45;286.35;53;33050;0;;;;1;1750;;;;100720;;;530;;;;;292.650000;;;7.300000;7.300000;-10;0;0.000000;;;0.0;0.0;0.000000;0.0;0.0;;;;;1;;1620;;;;;;;;;;43.621, 1.378833;TOULOUSE-BLAGNAC;0;;0
78922;2017-06-16T11:00:00+02:00;101430;10;;130;7.3;300.35;296.35;79;;;;;;;;;;;101130;;;-10;;298.750000;;303.250000;;;;;;;;;;;0.0;0.0;0.000000;0.0;0.2;;;;;;;;;;;;;;;;;14.7745, -60.875333;TRINITE-CARAVEL;;;
89642;2017-06-16T11:00:00+02:00;97930;-30;5;110;12.9;256.55;248.55;46;15000;2;Nuages couvrant plus de la moitié du ciel pendant une partie de la période considérée et couvrant la moitié du ciel, ou moins, pendant l’autre partie;1;100;7;3500;30;22;60;97370;;;;;;;;;;;20.100000;23.100000;-30;;;;;;;;;;;;;;7;4;3000;;;;;;;;;;-66.663167, 140.001;DUMONT D'URVILLE;5;Nuages couvrant plus de la moitié du ciel pendant une partie de la période considérée et couvrant la moitié du ciel, ou moins, pendant l’autre partie;2
07535;2017-06-16T17:00:00+02:00;102300;-80;6;340;3.5;300.25;285.85;41;20000;0;;;;0;;;;;99330;;;430;;;;;289.550000;;;5.000000;6.800000;-10;0;0.000000;;;0.0;0.0;0.000000;0.0;0.0;;;;;;;;;;;;;;;;;44.745, 1.396667;GOURDON;6;;0
81415;2017-06-16T17:00:00+02:00;101360;10;;160;0.7;302.65;295.85;67;;;;;;;;;;;100170;;;-90;;;;;;;;;;;;;;;;;;;;;;;;;;;;;;;;;;;;3.640167, -54.028333;MARIPASOULA;;;
07027;2017-06-16T20:00:00+02:00;102770;30;2;360;3.3;291.75;285.05;65;26880;0;;;;0;;;;;101970;;;790;286.750000;;294.150000;;288.750000;;;5.700000;6.000000;-10;0;0.000000;;;0.0;0.0;0.000000;0.0;0.2;;;;;;;;;;;;;;;;;49.18, -0.456167;CAEN-CARPIQUET;2;;0
07130;2017-06-16T20:00:00+02:00;102750;30;3;350;4.6;294.45;283.65;50;46270;0;;;;0;;;;;102310;;;710;286.250000;;296.250000;;287.950000;;;7.100000;8.300000;-10;2;0.000000;;;0.0;0.0;0.000000;0.0;0.2;;;;;;;;;;;;;;;;;48.068833, -1.734;RENNES-ST JACQUES;3;;0
07643;2017-06-16T20:00:00+02:00;101670;0;5;10;7.6;305.95;283.95;26;44450;0;;;;0;;;;;101580;;;130;300.150000;;307.850000;;301.450000;;;11.000000;12.100000;-10;;;;;0.0;0.0;0.000000;0.0;-0.1;;;;;;;;;;;;;;;;;43.577, 3.963167;MONTPELLIER;5;;0
07790;2017-06-16T23:00:00+02:00;101440;80;3;0;0.0;296.45;293.95;86;20000;2;Nuages ne couvrant pas plus de la moitié du ciel pendant toute la période considérée;0;10;0;;30;20;11;101300;;;-200;;;;;;;;1.700000;1.700000;-10;0;0.000000;0.000000;-30;0.0;0.0;0.000000;0.0;0.0;;;;;1;0;8000;;;;;;;;;;42.540667, 9.485167;BASTIA;3;Nuages ne couvrant pas plus de la moitié du ciel pendant toute la période considérée;2
89642;2017-06-16T23:00:00+02:00;98310;120;1;70;3.1;250.95;244.95;55;20000;;;;0;;;;;;97740;;;;;;;;;;;;20.100000;-30;;;;;;;;;;;;;;;;;;;;;;;;;;-66.663167, 140.001;DUMONT D'URVILLE;1;;
07005;2017-06-17T02:00:00+02:00;102810;30;2;200;1.2;286.15;284.55;90;19250;0;;;;;;;;;101940;;;740;;;;;288.150000;;;2.000000;2.500000;-10;0;0.000000;;;0.0;0.0;0.000000;0.0;0.0;;;;;;;;;;;;;;;;;50.136, 1.834;ABBEVILLE;2;;0
07117;2017-06-17T02:00:00+02:00;102960;0;0;260;1.6;286.85;286.25;96;;;;;;;;;;;102260;;;470;;;;;;;;2.200000;2.900000;-10;;;;;0.0;0.0;0.000000;0.0;0.2;;;;;;;;;;;;;;;;;48.825833, -3.473167;PLOUMANAC'H;0;;
07577;2017-06-17T02:00:00+02:00;102010;0;0;360;7.6;296.05;282.45;42;20000;0;;;;;;;;;101150;;;200;;;;;294.550000;;;14.400000;14.500000;-10;0;0.000000;;;0.0;0.0;0.000000;0.0;0.0;;;;;;;;;;;;;;;;;44.581167, 4.733;MONTELIMAR;0;;0
07747;2017-06-17T02:00:00+02:00;101950;-80;8;320;4.9;299.05;284.75;41;60000;0;;;;0;;;;;101440;;;10;;;;;296.350000;;;8.500000;12.900000;-10;0;0.000000;;;0.0;0.0;0.000000;0.0;0.0;;;;;;;;;;;;;;;;;42.737167, 2.872833;PERPIGNAN;8;;0
07207;2017-06-17T11:00:00+02:00;102740;-30;8;;;293.15;287.05;68;20000;2;Nuages ne couvrant pas plus de la moitié du ciel pendant toute la période considérée;;0;0;;30;20;10;102230;;;-60;;;;;;;;;;-10;;;;;0.0;0.0;0.000000;0.0;0.0;;;;;;;;;;;;;;;;;47.294333, -3.218333;BELLE ILE-LE TALUT;8;Nuages ne couvrant pas plus de la moitié du ciel pendant toute la période considérée;2
07535;2017-06-17T11:00:00+02:00;102240;-30;8;40;4.4;295.85;284.25;48;20000;0;;;;0;;;;;99230;;;-220;;;;;287.550000;;;8.000000;9.300000;-10;0;0.000000;;;0.0;0.0;0.000000;0.0;0.0;;;;;;;;;;;;;;;;;44.745, 1.396667;GOURDON;8;;0
07627;2017-06-17T11:00:00+02:00;102130;-70;6;350;1.1;297.25;289.55;62;530;;;;;0;;;;;97430;;;-290;;;;;285.650000;;;2.800000;3.000000;-10;;0.000000;;;0.0;0.0;0.000000;0.0;0.0;;;;;;;;;;;;;;;;;43.005333, 1.106833;ST GIRONS;6;;
61997;2017-06-17T11:00:00+02:00;102410;-110;8;20;12.3;277.75;276.05;89;;;;;;;;;;;100600;;;;;;;;;;;;17.500000;-10;;;;;0.0;0.0;;;;;;;;;;;;;;;;;;;;-46.4325, 51.856667;CROZET;8;;
07314;2017-06-17T14:00:00+02:00;102430;-130;8;40;3.5;297.35;289.05;60;;;Nuages ne couvrant pas plus de la moitié du ciel pendant toute la période considérée;;;;;;;;102160;;;-270;;;;;;;;5.200000;5.400000;-10;;;;;0.0;0.0;0.000000;0.0;0.0;;;;;;;;;;;;;;;;;46.046833, -1.4115;PTE DE CHASSIRON;8;Nuages ne couvrant pas plus de la moitié du ciel pendant toute la période considérée;
61997;2017-06-17T17:00:00+02:00;102120;-160;6;30;12.3;277.45;277.05;97;;;;;;;;;;;100310;;;;;;;;;;;;17.000000;-10;;;;;0.0;0.0;;;;;;;;;;;;;;;;;;;;-46.4325, 51.856667;CROZET;6;;
78897;2017-06-17T17:00:00+02:00;101590;-40;7;70;6.6;303.15;295.05;62;59740;;;;;;;;;;101500;;;-100;;;;;;;;;;;;;;;0.0;-0.1;-0.100000;-0.1;-0.1;;;;;;;;;;;;;;;;;16.264, -61.516333;LE RAIZET AERO;7;;
07207;2017-06-17T20:00:00+02:00;102350;-130;6;;;297.05;289.55;63;;;Nuages ne couvrant pas plus de la moitié du ciel pendant toute la période considérée;;;;;;;;101850;;;-380;289.850000;;301.050000;;;;;;;-10;;;;;0.0;0.0;0.000000;0.0;0.0;;;;;;;;;;;;;;;;;47.294333, -3.218333;BELLE ILE-LE TALUT;6;Nuages ne couvrant pas plus de la moitié du ciel pendant toute la période considérée;
07577;2017-06-17T20:00:00+02:00;101630;-110;5;10;7.0;299.75;283.85;37;20000;0;;;;;;;;;100780;;;-200;293.950000;;300.850000;;294.950000;;;12.800000;14.100000;-10;2;0.000000;;;0.0;0.0;0.000000;0.0;0.0;;;;;;;;;;;;;;;;;44.581167, 4.733;MONTELIMAR;5;;0
07591;2017-06-17T20:00:00+02:00;;30;3;190;3.2;298.55;285.75;45;20000;0;;;;;;;;;91680;;1535;-60;290.150000;;303.250000;;;;;6.300000;9.000000;-10;;0.000000;;;0.0;0.0;0.000000;0.0;0.0;;;;;;;;;;;;;;;;;44.565667, 6.502333;EMBRUN;3;;0
61996;2017-06-17T20:00:00+02:00;102990;160;3;130;7.7;283.65;275.95;59;;;;;;;;;;;102630;;;;282.350000;;286.450000;;;;;;13.900000;-10;;;;;;0.2;;2.0;;;;;;;;;;;;;;;;;;-37.795167, 77.569167;NOUVELLE AMSTERDAM;3;;
07299;2017-06-17T23:00:00+02:00;102440;50;3;360;3.2;291.25;284.75;66;50000;2;Nuages ne couvrant pas plus de la moitié du ciel pendant toute la période considérée;0;10;1;;35;20;11;99240;;;-30;;;;;291.150000;;;5.700000;6.400000;-10;0;0.000000;0.000000;-30;0.0;0.0;0.000000;0.0;0.0;;;;;1;6;1700;1;0;7500;;;;;;;47.614333, 7.51;BALE-MULHOUSE;3;Nuages ne couvrant pas plus de la moitié du ciel pendant toute la période considérée;2
07661;2017-06-18T02:00:00+02:00;101360;10;0;50;3.9;299.05;284.05;39;;;;;;;;;;;99830;;;20;;;;;;;;4.600000;5.900000;-10;;;;;0.0;0.0;0.000000;0.0;0.0;;;;;;;;;;;;;;;;;43.079333, 5.940833;CAP CEPET;0;;
07020;2017-06-18T05:00:00+02:00;102450;-80;8;90;4.7;287.05;284.55;85;20000;2;Nuages ne couvrant pas plus de la moitié du ciel pendant toute la période considérée;;0;0;;30;20;10;102350;;;-390;;;;;;;;5.800000;6.200000;-10;;;;;0.0;0.0;0.000000;;;;;;;;;;;;;;;;;;;49.725167, -1.939833;PTE DE LA HAGUE;8;Nuages ne couvrant pas plus de la moitié du ciel pendant toute la période considérée;2
07072;2017-06-18T05:00:00+02:00;102470;-70;6;140;0.7;288.65;285.95;84;12750;0;;;;0;;;;;101330;;;-270;;;;;289.050000;;;2.400000;4.000000;-10;;;;;0.0;0.0;0.000000;0.0;0.0;;;;;;;;;;;;;;;;;49.209667, 4.155333;REIMS-PRUNAY;6;;0
07299;2017-06-18T05:00:00+02:00;102450;-80;8;270;0.7;284.55;283.75;95;24250;0;Nuages ne couvrant pas plus de la moitié du ciel pendant toute la période considérée;;;0;;;;;99170;;;-170;;;;;286.950000;;;1.200000;1.900000;-10;0;0.000000;;;0.0;0.0;0.000000;0.0;0.0;;;;;;;;;;;;;;;;;47.614333, 7.51;BALE-MULHOUSE;8;Nuages ne couvrant pas plus de la moitié du ciel pendant toute la période considérée;0
07335;2017-06-18T05:00:00+02:00;102080;-160;7;60;3.6;291.65;286.05;70;60000;0;;;;1;4080;;;;100670;;;-570;;;;;289.750000;;;6.800000;6.800000;-10;0;0.000000;;;0.0;0.0;0.000000;0.0;0.0;;;;;1;;4080;;;;;;;;;;46.593833, 0.314333;POITIERS-BIARD;7;;0
07460;2017-06-18T05:00:00+02:00;102070;-90;7;90;0.8;289.65;284.75;73;59870;0;;;;0;;;;;98260;;;-470;;;;;289.350000;;;1.500000;4.200000;-10;0;0.000000;;;0.0;0.0;0.000000;0.0;0.0;;;;;;;;;;;;;;;;;45.786833, 3.149333;CLERMONT-FD;7;;0
07558;2017-06-18T05:00:00+02:00;101700;-130;7;30;3.8;289.35;282.75;65;20000;0;;;;;;;;;93590;;;-380;;;;;287.550000;;;6.900000;7.000000;-10;;0.000000;;;0.0;0.0;0.000000;0.0;0.0;;;;;;;;;;;;;;;;;44.1185, 3.0195;MILLAU;7;;0
07117;2017-06-18T08:00:00+02:00;102340;-40;6;110;3.6;290.15;286.85;81;25000;0;Nuages ne couvrant pas plus de la moitié du ciel pendant toute la période considérée;;0;0;;30;20;10;101650;;;-530;287.250000;;291.750000;;;;;4.700000;5.800000;-10;;;;;0.0;0.0;0.000000;0.0;0.0;;;;;;;;;;;;;;;;;48.825833, -3.473167;PLOUMANAC'H;6;Nuages ne couvrant pas plus de la moitié du ciel pendant toute la période considérée;0
07207;2017-06-18T08:00:00+02:00;102170;0;5;;;293.05;288.45;75;20000;0;Nuages ne couvrant pas plus de la moitié du ciel pendant toute la période considérée;;0;0;;30;20;10;101660;;;-600;291.550000;;297.050000;;;;;;;-10;;;;;0.0;0.0;0.000000;0.0;0.0;;;;;;;;;;;;;;;;;47.294333, -3.218333;BELLE ILE-LE TALUT;5;Nuages ne couvrant pas plus de la moitié du ciel pendant toute la période considérée;0
89642;2017-06-11T20:00:00+02:00;99640;-10;5;110;11.8;247.55;240.55;49;;;;;;;;;;;99050;;;;;;;;;;;18.500000;21.600000;-60;;;;;;;;;;;;;;;;;;;;;;;;;;-66.663167, 140.001;DUMONT D'URVILLE;5;;
78922;2017-06-11T23:00:00+02:00;101330;10;;90;7.9;301.15;296.05;74;;;;;;;;;;;101030;;;-160;;300.250000;;304.350000;;;;;;;;;;;0.0;0.0;0.000000;0.0;0.0;;;;;;;;;;;;;;;;;14.7745, -60.875333;TRINITE-CARAVEL;;;
07027;2017-06-12T02:00:00+02:00;101990;70;1;250;2.5;284.55;283.65;94;9770;0;;;;0;;;;;101180;;;150;;;;;283.150000;;;4.100000;5.900000;-10;1;0.000000;;;0.0;0.0;0.000000;0.0;0.2;;;;;;;;;;;;;;;;;49.18, -0.456167;CAEN-CARPIQUET;1;;0
07190;2017-06-12T02:00:00+02:00;101470;40;2;200;1.4;294.95;289.65;72;55280;0;;;100;8;3420;;;;99730;;;-580;;;;;292.950000;;;2.200000;3.000000;-10;0;0.000000;;;0.0;0.0;0.000000;0.0;0.0;;;;;8;;3420;;;;;;;;;;48.5495, 7.640333;STRASBOURG-ENTZHEIM;2;;0
78925;2017-06-12T02:00:00+02:00;101510;70;2;90;6.1;300.45;295.65;75;56290;0;;;;5;800;;;;101420;;;-160;304.050000;;304.050000;;;;;9.300000;10.200000;-10;;;;;0.0;0.0;0.000000;-0.1;-0.1;;;;;3;;870;5;;1140;5;;1470;;;;14.595333, -60.995667;LAMENTIN-AERO;2;;0
07190;2017-06-12T05:00:00+02:00;101530;40;3;300;2.7;292.65;288.55;77;47090;0;;;;5;1750;;;;99770;;;-460;;;;;292.150000;;;4.200000;4.400000;-10;0;0.000000;;;0.0;0.0;0.000000;0.0;0.0;;;;;3;;1920;4;;2220;5;;3000;;;;48.5495, 7.640333;STRASBOURG-ENTZHEIM;3;;0
07630;2017-06-12T05:00:00+02:00;102070;0;0;280;4.8;292.15;288.05;77;34450;0;;;100;8;450;;;;100310;;;330;;;;;291.450000;;;7.000000;7.000000;-10;0;0.000000;;;0.0;0.0;0.000000;0.0;0.0;;;;;1;;480;8;;1320;;;;;;;43.621, 1.378833;TOULOUSE-BLAGNAC;0;;0
07015;2017-06-12T08:00:00+02:00;101760;80;1;210;4.5;287.35;283.35;77;14940;0;;;90;7;450;;;;101200;;;50;285.350000;;293.350000;;285.650000;;;7.300000;7.300000;-10;0;0.000000;;;0.0;0.0;0.000000;0.0;0.0;;;;;7;;480;;;;;;;;;;50.57, 3.0975;LILLE-LESQUIN;1;;0
07591;2017-06-12T08:00:00+02:00;;30;3;80;1.1;291.65;286.55;72;20000;0;;;;;;;;;91970;;1546;-170;288.650000;;300.750000;;285.650000;;;2.200000;2.300000;-10;;0.000000;;;0.0;0.0;0.000000;0.0;0.0;;;;;;;;;;;;;;;;;44.565667, 6.502333;EMBRUN;3;;0
07117;2017-06-12T11:00:00+02:00;102290;140;1;290;4.2;288.65;284.45;76;15000;2;Nuages couvrant plus de la moitié du ciel pendant toute la période considérée;;60;5;450;34;20;15;101590;;;530;;;;;;;;7.800000;8.300000;-10;0;;;;0.0;0.0;0.000000;0.0;0.0;;;;;2;6;500;3;8;800;2;2;6000;;;;48.825833, -3.473167;PLOUMANAC'H;1;Nuages couvrant plus de la moitié du ciel pendant toute la période considérée;2
07149;2017-06-12T14:00:00+02:00;102120;0;0;310;4.5;293.75;281.05;44;25000;3;Nuages ne couvrant pas plus de la moitié du ciel pendant toute la période considérée;0;50;3;1250;31;20;11;101060;;;500;;;;;;;;6.700000;8.500000;-10;0;0.000000;0.000000;-60;0.0;0.0;0.000000;0.0;0.0;;;;;3;8;1350;3;0;7500;;;;;;;48.716833, 2.384333;ORLY;0;Nuages ne couvrant pas plus de la moitié du ciel pendant toute la période considérée;3
07168;2017-06-12T14:00:00+02:00;102010;-30;8;280;4.5;295.25;282.75;45;20000;0;;;;1;1250;;;;100640;;;380;;;;;291.150000;;;7.800000;8.200000;-10;0;0.000000;;;0.0;0.0;0.000000;0.0;0.0;;;;;1;;1470;3;;5700;;;;;;;48.324667, 4.02;TROYES-BARBEREY;8;;0
07015;2017-06-12T17:00:00+02:00;101990;40;3;220;7.6;291.05;282.15;56;19680;0;;;100;8;1250;;;;101430;;;640;;;;;285.650000;;;11.300000;12.100000;-10;0;0.000000;;;0.0;0.0;0.000000;0.0;0.0;;;;;2;;1110;8;;1290;;;;;;;50.57, 3.0975;LILLE-LESQUIN;3;;0
61998;2017-06-12T17:00:00+02:00;98810;-310;8;300;12.9;282.65;280.25;85;;;;;;;;;;;98450;;;;;;;;;;;;20.100000;-10;;;;;1.0;4.0;;;;;;;;;;;;;;;;;;;;-49.352333, 70.243333;KERGUELEN;8;;
81408;2017-06-12T17:00:00+02:00;101300;10;;150;3.1;303.25;297.15;70;;;;;;;;;;;101230;;;-100;;296.450000;;304.550000;;;;;;;;;;;2.0;2.0;2.000000;2.8;3.0;;;;;;;;;;;;;;;;;3.890667, -51.804667;SAINT GEORGES;;;
07558;2017-06-12T20:00:00+02:00;101300;-100;6;330;3.4;300.75;291.15;56;20000;0;;;;;;;;;93540;;;-60;289.450000;;302.450000;;292.750000;;;5.000000;5.600000;-10;;0.000000;;;0.0;0.0;0.000000;-0.1;-0.1;;;;;;;;;;;;;;;;;44.1185, 3.0195;MILLAU;6;;0
07747;2017-06-12T20:00:00+02:00;101430;-90;6;90;1.8;303.85;291.25;47;40760;0;;;;0;;;;;100930;;;-220;297.250000;;307.550000;;300.050000;;;2.700000;3.500000;-10;0;0.000000;;;0.0;0.0;0.000000;0.0;0.0;;;;;;;;;;;;;;;;;42.737167, 2.872833;PERPIGNAN;6;;0
07481;2017-06-12T23:00:00+02:00;101710;70;1;340;3.5;295.75;290.25;71;35000;1;Nuages ne couvrant pas plus de la moitié du ciel pendant toute la période considérée;0;0;0;;30;20;10;98960;;;140;;;;;;;;4.500000;6.400000;-10;0;0.000000;0.000000;-30;0.0;0.0;0.000000;0.0;0.0;;;;;;;;;;;;;;;;;45.7265, 5.077833;LYON-ST EXUPERY;1;Nuages ne couvrant pas plus de la moitié du ciel pendant toute la période considérée;1
